Sports_720P-5bfd_orig.mp4,600
Gaming_720P-469a_crf_10_ss_00_t_20.0.mp4,600
Sports_480P-2053_crf_10_ss_00_t_20.0.mp4,600
Gaming_480P-6c92_crf_10_ss_00_t_20.0.mp4,600
Animation_1080P-18f5_crf_10_ss_00_t_20.0.mp4,600
CoverSong_1080P-033d_crf_10_ss_00_t_20.0.mp4,600
CoverSong_1080P-3409_crf_10_ss_00_t_20.0.mp4,600
Animation_2160P-41dc_crf_10_ss_00_t_20.0.mp4,598
CoverSong_1080P-2207_crf_10_ss_00_t_20.0.mp4,600
Animation_720P-1a6d_crf_10_ss_00_t_20.0.mp4,600
Sports_480P-1056_crf_10_ss_00_t_20.0.mp4,600
CoverSong_1080P-5f92_crf_10_ss_00_t_20.0.mp4,600
CoverSong_360P-2b4d_crf_10_ss_00_t_20.0.mp4,600
Sports_480P-77e3_crf_10_ss_00_t_20.0.mp4,600
Sports_720P-00a1_orig.mp4,600
Animation_720P-620f_crf_10_ss_00_t_20.0.mp4,600
Gaming_480P-14fc_crf_10_ss_00_t_20.0.mp4,600
Animation_1080P-4be3_crf_10_ss_00_t_20.0.mp4,599
Animation_480P-4e36_crf_10_ss_00_t_20.0.mp4,600
Sports_720P-6bb7_orig.mp4,599
Gaming_480P-0a03_crf_10_ss_00_t_20.0.mp4,600
Sports_720P-5e39_orig.mp4,600
Sports_720P-2c06_orig.mp4,599
Sports_720P-7ba7_orig.mp4,600
Gaming_480P-09ab_crf_10_ss_00_t_20.0.mp4,600
CoverSong_1080P-5cae_crf_10_ss_00_t_20.0.mp4,599
Animation_720P-01b3_crf_10_ss_00_t_20.0.mp4,600
Sports_720P-5ea4_orig.mp4,600
Gaming_360P-73c7_crf_10_ss_00_t_20.0.mp4,600
Gaming_480P-445b_crf_10_ss_00_t_20.0.mp4,600
Gaming_360P-7975_crf_10_ss_00_t_20.0.mp4,600
Animation_720P-7ff2_crf_10_ss_00_t_20.0.mp4,599
Sports_720P-058f_orig.mp4,600
Animation_480P-35ee_crf_10_ss_00_t_20.0.mp4,600
Sports_480P-3f50_crf_10_ss_00_t_20.0.mp4,599
Animation_1080P-646f_crf_10_ss_00_t_20.0.mp4,600
Sports_480P-35ea_crf_10_ss_00_t_20.0.mp4,600
Gaming_480P-0dbc_crf_10_ss_00_t_20.0.mp4,600
Animation_1080P-21dd_crf_10_ss_00_t_20.0.mp4,599
Animation_1080P-3d67_crf_10_ss_00_t_20.0.mp4,600
Sports_480P-44e5_crf_10_ss_00_t_20.0.mp4,600
Sports_720P-38a1_orig.mp4,600
Gaming_480P-61ee_crf_10_ss_00_t_20.0.mp4,600
Gaming_480P-6f4b_crf_10_ss_00_t_20.0.mp4,600
CoverSong_360P-13d2_crf_10_ss_00_t_20.0.mp4,600
CoverSong_1080P-5456_crf_10_ss_00_t_20.0.mp4,600
Gaming_720P-103a_crf_10_ss_00_t_20.0.mp4,599
Gaming_480P-6491_crf_10_ss_00_t_20.0.mp4,600
Animation_360P-47cc_crf_10_ss_00_t_20.0.mp4,600
Animation_360P-08c9_crf_10_ss_00_t_20.0.mp4,600
Sports_720P-62ba_orig.mp4,600
Sports_720P-6d04_orig.mp4,600
Gaming_720P-1cbb_crf_10_ss_00_t_20.0.mp4,599
CoverSong_1080P-0f3a_crf_10_ss_00_t_20.0.mp4,599
CoverSong_360P-0aa2_crf_10_ss_00_t_20.0.mp4,600
Sports_720P-07d0_orig.mp4,600
Animation_360P-5712_crf_10_ss_00_t_20.0.mp4,600
Animation_480P-3fdf_crf_10_ss_00_t_20.0.mp4,599
Animation_360P-4b4c_crf_10_ss_00_t_20.0.mp4,599
Gaming_360P-56fe_crf_10_ss_00_t_20.0.mp4,599
Animation_720P-41d6_crf_10_ss_00_t_20.0.mp4,600
Gaming_480P-5a5a_crf_10_ss_00_t_20.0.mp4,600
Sports_720P-0104_orig.mp4,599
CoverSong_1080P-1b0c_crf_10_ss_00_t_20.0.mp4,600
Sports_480P-5871_crf_10_ss_00_t_20.0.mp4,600
Animation_480P-791b_crf_10_ss_00_t_20.0.mp4,600
Gaming_360P-3eb6_crf_10_ss_00_t_20.0.mp4,600
CoverSong_1080P-237f_crf_10_ss_00_t_20.0.mp4,599
Gaming_720P-312f_crf_10_ss_00_t_20.0.mp4,600
CoverSong_1080P-3499_crf_10_ss_00_t_20.0.mp4,599
Sports_480P-5f38_crf_10_ss_00_t_20.0.mp4,590
Gaming_360P-3794_crf_10_ss_00_t_20.0.mp4,600
Animation_720P-6372_crf_10_ss_00_t_20.0.mp4,600
Animation_720P-57d9_crf_10_ss_00_t_20.0.mp4,600
Animation_360P-4edc_crf_10_ss_00_t_20.0.mp4,599
Animation_720P-2abf_crf_10_ss_00_t_20.0.mp4,600
Gaming_480P-3a44_crf_10_ss_00_t_20.0.mp4,600
Sports_480P-0827_crf_10_ss_00_t_20.0.mp4,599
Sports_480P-3195_crf_10_ss_00_t_20.0.mp4,600
Animation_360P-69e0_crf_10_ss_00_t_20.0.mp4,600
Animation_480P-6ef6_crf_10_ss_00_t_20.0.mp4,600
CoverSong_1080P-3df8_crf_10_ss_00_t_20.0.mp4,600
Gaming_480P-6548_crf_10_ss_00_t_20.0.mp4,600
Animation_480P-66c0_crf_10_ss_00_t_20.0.mp4,600
Animation_480P-087e_crf_10_ss_00_t_20.0.mp4,407
Sports_480P-0623_crf_10_ss_00_t_20.0.mp4,600
Animation_480P-08a5_crf_10_ss_00_t_20.0.mp4,600
Animation_360P-7856_crf_10_ss_00_t_20.0.mp4,600
Animation_1080P-5dd8_crf_10_ss_00_t_20.0.mp4,600
Gaming_480P-626a_crf_10_ss_00_t_20.0.mp4,599
CoverSong_1080P-0188_crf_10_ss_00_t_20.0.mp4,600
Gaming_360P-2330_crf_10_ss_00_t_20.0.mp4,600
Animation_720P-431c_crf_10_ss_00_t_20.0.mp4,599
Gaming_480P-7e76_crf_10_ss_00_t_20.0.mp4,600
Animation_360P-188f_crf_10_ss_00_t_20.0.mp4,600
CoverSong_1080P-4bad_crf_10_ss_00_t_20.0.mp4,600
Gaming_720P-0fba_crf_10_ss_00_t_20.0.mp4,600
Sports_480P-3404_crf_10_ss_00_t_20.0.mp4,600
Animation_1080P-2fff_crf_10_ss_00_t_20.0.mp4,599
Gaming_480P-4560_crf_10_ss_00_t_20.0.mp4,559
Animation_720P-06a6_crf_10_ss_00_t_20.0.mp4,600
CoverSong_1080P-0cdc_crf_10_ss_00_t_20.0.mp4,600
Animation_720P-79ee_crf_10_ss_00_t_20.0.mp4,600
Gaming_360P-2f99_crf_10_ss_00_t_20.0.mp4,600
Sports_720P-17fb_orig.mp4,596
Sports_480P-11ec_crf_10_ss_00_t_20.0.mp4,600
Sports_480P-3dfd_crf_10_ss_00_t_20.0.mp4,600
Sports_480P-4cf8_crf_10_ss_00_t_20.0.mp4,600
Animation_480P-70d4_crf_10_ss_00_t_20.0.mp4,600
Sports_720P-2c80_orig.mp4,599
Animation_480P-4b86_crf_10_ss_00_t_20.0.mp4,600
Sports_480P-6e41_crf_10_ss_00_t_20.0.mp4,600
Animation_720P-41cf_crf_10_ss_00_t_20.0.mp4,599
Sports_480P-1396_crf_10_ss_00_t_20.0.mp4,600
Animation_480P-073c_crf_10_ss_00_t_20.0.mp4,599
Animation_1080P-5083_crf_10_ss_00_t_20.0.mp4,600
Sports_720P-4b69_orig.mp4,599
CoverSong_1080P-0f33_crf_10_ss_00_t_20.0.mp4,600
Gaming_720P-2dbe_crf_10_ss_00_t_20.0.mp4,600
Animation_720P-412a_crf_10_ss_00_t_20.0.mp4,599
Gaming_480P-6a5a_crf_10_ss_00_t_20.0.mp4,600
CoverSong_1080P-0a86_crf_10_ss_00_t_20.0.mp4,600
Sports_480P-5224_crf_10_ss_00_t_20.0.mp4,600
Sports_480P-1019_crf_10_ss_00_t_20.0.mp4,600
Animation_1080P-4214_crf_10_ss_00_t_20.0.mp4,600
Sports_720P-33c6_orig.mp4,599
Animation_1080P-209f_crf_10_ss_00_t_20.0.mp4,600
Gaming_720P-40b2_crf_10_ss_00_t_20.0.mp4,600
Sports_720P-4c6f_orig.mp4,600
Animation_720P-7b29_crf_10_ss_00_t_20.0.mp4,600
Gaming_480P-1542_crf_10_ss_00_t_20.0.mp4,600
CoverSong_360P-11f9_crf_10_ss_00_t_20.0.mp4,541
Animation_480P-7ef2_crf_10_ss_00_t_20.0.mp4,599
Sports_720P-3ffe_orig.mp4,599
Sports_720P-50cf_orig.mp4,600
Gaming_360P-586d_crf_10_ss_00_t_20.0.mp4,600
Animation_720P-0acc_crf_10_ss_00_t_20.0.mp4,600
Animation_480P-7a31_crf_10_ss_00_t_20.0.mp4,593
Animation_1080P-4ea8_crf_10_ss_00_t_20.0.mp4,600
CoverSong_1080P-5e69_crf_10_ss_00_t_20.0.mp4,598
Sports_720P-0b9e_orig.mp4,599
Gaming_720P-221d_crf_10_ss_00_t_20.0.mp4,452
Animation_480P-046c_crf_10_ss_00_t_20.0.mp4,600
Gaming_360P-7acb_crf_10_ss_00_t_20.0.mp4,599
Sports_720P-69a0_orig.mp4,600
Animation_720P-2525_crf_10_ss_00_t_20.0.mp4,600
Gaming_720P-3524_crf_10_ss_00_t_20.0.mp4,599
Sports_480P-6508_crf_10_ss_00_t_20.0.mp4,599
Animation_1080P-2fbe_crf_10_ss_00_t_20.0.mp4,600
Animation_360P-3e52_crf_10_ss_00_t_20.0.mp4,600
Sports_720P-3eb4_orig.mp4,600
CoverSong_1080P-1b08_crf_10_ss_00_t_20.0.mp4,600
Gaming_480P-75f7_crf_10_ss_00_t_20.0.mp4,600
Gaming_360P-6207_crf_10_ss_00_t_20.0.mp4,599
Gaming_480P-6d1e_crf_10_ss_00_t_20.0.mp4,600
Gaming_480P-6cdc_crf_10_ss_00_t_20.0.mp4,600
Sports_720P-5ae1_orig.mp4,600
Animation_1080P-3e01_crf_10_ss_00_t_20.0.mp4,597
Animation_360P-24d4_crf_10_ss_00_t_20.0.mp4,599
Sports_480P-19e4_crf_10_ss_00_t_20.0.mp4,600
Gaming_360P-63e6_crf_10_ss_00_t_20.0.mp4,600
Sports_480P-41a5_crf_10_ss_00_t_20.0.mp4,600
Animation_720P-7e7d_crf_10_ss_00_t_20.0.mp4,599
Animation_360P-631c_crf_10_ss_00_t_20.0.mp4,600
Gaming_360P-5e0f_crf_10_ss_00_t_20.0.mp4,600
Animation_480P-0d04_crf_10_ss_00_t_20.0.mp4,599
CoverSong_360P-1b2b_crf_10_ss_00_t_20.0.mp4,600
Sports_480P-211f_crf_10_ss_00_t_20.0.mp4,600
